,R,G,A,Cr,Cb,S,pat
0,202.81632653061226,131.2448979591837,147.7959183673469,173.6122448979592,55.85714285714285,240.9591836734694,0
1,208.20408163265307,123.48979591836736,154.42857142857142,178.83673469387756,61.24489795918368,232.2244897959184,0
2,225.2244897959184,142.16326530612244,151.18367346938774,181.0,43.18367346938776,254.28571428571428,0
3,204.6122448979592,128.12244897959184,150.28571428571428,175.34693877551018,59.51020408163265,233.75510204081638,0
4,219.0,122.04081632653063,159.3877551020408,185.89795918367344,53.40816326530612,248.63265306122452,0
5,209.3061224489796,137.6734693877551,146.9387755102041,174.73469387755105,49.265306122448976,249.6938775510204,0
6,241.53061224489795,160.59183673469386,148.6122448979592,181.53061224489795,34.38775510204081,254.46938775510205,0
7,243.46938775510205,169.26530612244895,144.7959183673469,178.7551020408163,31.20408163265306,254.3877551020408,0
8,241.9387755102041,168.6122448979592,144.44897959183675,178.26530612244895,31.73469387755102,254.3265306122449,0
9,240.08163265306126,167.59183673469386,144.28571428571428,177.7755102040816,32.306122448979586,254.36734693877548,0
10,239.4081632653061,168.6326530612245,143.3877551020408,177.0408163265306,32.142857142857146,254.28571428571428,0
11,239.89795918367344,168.18367346938774,143.77551020408163,177.3877551020408,32.16326530612245,254.3877551020408,0
12,224.3061224489796,156.10204081632654,143.46938775510202,174.83673469387756,38.795918367346935,254.2244897959184,0
13,202.89795918367344,108.28571428571428,160.3877551020408,182.2448979591837,69.04081632653062,227.0204081632653,0
14,206.10204081632654,133.71428571428572,147.81632653061226,174.55102040816325,52.795918367346935,245.4081632653061,0
15,211.44897959183675,129.55102040816325,152.42857142857142,178.36734693877548,55.673469387755105,239.9795918367347,0
16,206.9795918367347,125.14285714285714,153.0204081632653,177.53061224489795,60.714285714285715,232.55102040816325,0
17,227.91836734693882,147.91836734693874,149.3673469387755,179.91836734693874,41.0,254.08163265306126,0
18,214.53061224489795,139.26530612244898,148.30612244897958,176.89795918367346,46.265306122448976,253.85714285714286,0
19,206.42857142857144,128.51020408163262,150.7551020408163,176.44897959183675,56.40816326530612,240.59183673469386,0
20,199.1836734693877,130.44897959183675,146.6326530612245,171.6122448979592,59.673469387755105,233.08163265306126,0
21,210.57142857142856,130.85714285714286,151.3265306122449,177.4285714285714,55.42857142857143,239.63265306122452,0
22,210.57142857142856,130.85714285714286,151.3265306122449,177.4285714285714,55.42857142857143,239.63265306122452,0
23,16.816326530612244,34.306122448979586,118.0204081632653,119.91836734693878,126.73469387755102,129.6530612244898,0
24,188.28571428571428,124.3469387755102,145.3469387755102,167.9387755102041,68.14285714285714,219.2448979591837,0
25,185.16326530612244,119.77551020408166,146.55102040816325,167.9795918367347,72.10204081632655,213.48979591836732,0
26,185.16326530612244,119.77551020408166,146.55102040816325,167.9795918367347,72.10204081632655,213.48979591836732,0
27,185.16326530612244,119.77551020408166,146.55102040816325,167.9795918367347,72.10204081632655,213.48979591836732,0
28,185.16326530612244,119.77551020408166,146.55102040816325,167.9795918367347,72.10204081632655,213.48979591836732,0
29,254.53061224489795,237.51020408163262,114.77551020408166,155.7551020408163,7.367346938775509,253.2244897959184,1
30,254.6122448979592,232.44897959183675,117.28571428571428,157.85714285714286,9.326530612244898,252.34693877551018,1
31,249.75510204081638,202.4081632653061,130.3469387755102,168.0204081632653,20.020408163265305,252.55102040816325,1
32,250.0408163265306,200.79591836734693,131.14285714285714,168.81632653061226,20.163265306122447,253.34693877551018,1
33,247.4081632653061,188.14285714285717,136.6530612244898,172.6122448979592,25.877551020408163,251.0408163265306,1
34,246.73469387755105,190.14285714285717,135.59183673469386,170.16326530612244,33.36734693877551,234.3265306122449,1
35,245.4081632653061,165.7551020408163,147.6122448979592,180.3061224489796,37.69387755102041,242.42857142857144,1
36,251.08163265306126,199.2244897959184,132.57142857142858,169.30612244897958,24.836734693877553,244.57142857142856,1
37,254.3061224489796,214.44897959183675,126.20408163265307,164.9795918367347,16.897959183673468,249.3061224489796,1
38,254.10204081632654,212.8367346938776,126.85714285714286,165.3469387755102,18.612244897959183,247.0,1
39,252.4081632653061,195.2448979591837,135.12244897959184,172.10204081632654,23.061224489795922,250.4081632653061,1
40,254.16326530612244,209.9591836734694,128.3673469387755,166.71428571428572,18.755102040816325,248.63265306122452,1
41,254.36734693877548,207.89795918367344,129.44897959183675,167.89795918367346,17.938775510204078,251.65306122448982,1
42,254.57142857142856,215.3061224489796,125.71428571428572,165.10204081632654,14.20408163265306,254.12244897959184,1
43,254.7142857142857,234.08163265306126,116.48979591836736,157.26530612244895,8.16326530612245,253.6122448979592,1
44,254.6734693877551,226.89795918367344,120.14285714285714,160.14285714285714,11.612244897959185,251.42857142857144,1
45,254.6938775510204,227.3265306122449,119.89795918367346,160.08163265306126,10.326530612244898,253.75510204081638,1
46,254.46938775510205,227.59183673469386,119.59183673469387,159.83673469387756,10.428571428571429,253.48979591836732,1
47,254.44897959183675,239.48979591836732,113.73469387755102,154.71428571428572,7.448979591836735,251.51020408163262,1
48,243.75510204081638,178.6938775510204,140.14285714285714,173.6122448979592,36.83673469387755,235.73469387755105,1
49,250.2448979591837,183.6734693877551,140.3469387755102,174.9387755102041,32.897959183673464,238.87755102040816,0
50,254.6122448979592,196.10204081632654,135.42857142857142,173.12244897959184,20.51020408163265,254.12244897959184,0
51,248.6734693877551,159.2448979591837,152.3265306122449,185.6734693877551,33.755102040816325,254.10204081632654,0
52,254.2448979591837,191.79591836734693,137.6122448979592,174.73469387755105,22.142857142857146,254.0612244897959,0
53,254.6122448979592,184.9387755102041,141.3877551020408,177.6938775510204,24.367346938775512,254.0204081632653,0
54,245.7755102040816,143.0,159.59183673469386,190.9387755102041,39.897959183673464,253.7142857142857,0
55,242.65306122448982,134.9795918367347,162.40816326530614,192.73469387755105,42.81632653061224,254.1836734693877,0
56,250.59183673469386,162.57142857142858,151.26530612244895,185.14285714285717,32.224489795918366,254.36734693877548,0
57,247.08163265306126,149.2040816326531,156.85714285714286,188.91836734693882,37.51020408163265,253.8367346938776,0
58,250.1836734693877,159.14285714285714,153.0204081632653,186.44897959183675,33.59183673469388,254.10204081632654,0
59,242.0612244897959,140.87755102040816,159.12244897959184,189.6938775510204,42.69387755102041,250.57142857142856,0
60,249.6734693877551,180.46938775510205,141.71428571428572,176.46938775510205,31.020408163265305,245.08163265306126,0
61,194.1836734693877,86.51020408163265,168.9795918367347,184.6938775510204,92.22448979591834,187.81632653061226,0
62,208.0612244897959,96.59183673469387,169.0408163265306,187.57142857142856,85.06122448979592,195.6938775510204,0
63,210.7755102040816,113.44897959183672,161.57142857142858,181.9795918367347,79.0204081632653,196.59183673469386,0
64,214.10204081632654,134.81632653061226,151.3469387755102,175.08163265306126,69.28571428571429,202.14285714285717,0
65,237.9387755102041,134.28571428571428,160.89795918367346,190.6938775510204,44.163265306122454,253.42857142857144,0
66,244.0204081632653,146.77551020408163,156.85714285714286,188.3061224489796,39.224489795918366,252.85714285714286,0
67,242.9591836734694,149.3673469387755,155.12244897959184,186.6938775510204,39.061224489795926,251.75510204081638,0
68,243.65306122448982,153.28571428571428,153.42857142857142,184.44897959183675,43.48979591836735,239.48979591836732,0
69,206.79591836734693,89.06122448979592,172.26530612244895,190.14285714285717,87.73469387755102,195.57142857142856,0
70,142.10204081632654,83.40816326530613,149.59183673469386,159.6326530612245,104.32653061224491,154.69387755102042,0
71,201.9387755102041,107.48979591836736,161.14285714285714,179.63265306122452,84.22448979591837,189.6122448979592,0
72,201.9387755102041,107.48979591836736,161.14285714285714,179.63265306122452,84.22448979591837,189.6122448979592,0
73,164.22448979591837,105.93877551020408,146.6122448979592,161.0408163265306,94.48979591836736,163.77551020408163,0
74,198.16326530612244,107.9795918367347,159.44897959183675,177.55102040816325,85.08163265306122,187.28571428571428,0
75,198.16326530612244,107.9795918367347,159.44897959183675,177.55102040816325,85.08163265306122,187.28571428571428,0
76,214.12244897959184,112.57142857142857,163.3673469387755,184.0204081632653,78.12244897959185,199.08163265306126,0
77,233.7755102040816,134.18367346938774,159.2448979591837,187.75510204081638,49.775510204081634,242.7142857142857,0
78,233.7755102040816,134.18367346938774,159.2448979591837,187.75510204081638,49.775510204081634,242.7142857142857,0
79,247.3061224489796,179.0204081632653,143.28571428571428,170.83673469387756,62.734693877551024,181.28571428571428,1
80,250.7755102040816,213.2244897959184,128.59183673469386,156.3673469387755,62.95918367346939,157.7959183673469,1
81,247.55102040816325,210.0408163265306,128.3673469387755,156.16326530612244,63.897959183673464,157.48979591836738,1
82,248.42857142857144,211.87755102040816,127.87755102040815,155.69387755102042,63.95918367346939,156.16326530612244,1
83,247.73469387755105,205.87755102040816,130.46938775510205,158.22448979591837,63.897959183673464,160.3877551020408,1
84,243.2244897959184,159.6530612244898,151.2040816326531,177.63265306122452,65.51020408163265,189.16326530612244,1
85,247.46938775510205,183.36734693877548,140.9387755102041,169.12244897959184,61.897959183673464,179.9387755102041,1
86,240.53061224489795,157.18367346938774,151.3265306122449,177.28571428571428,66.85714285714286,188.2448979591837,1
87,247.9387755102041,197.46938775510205,134.73469387755102,162.42857142857142,63.061224489795926,168.2448979591837,1
88,223.10204081632654,125.95918367346937,160.18367346938774,182.44897959183675,75.28571428571429,194.14285714285717,1
89,245.6122448979592,139.14285714285714,162.6122448979592,187.9387755102041,68.77551020408163,196.3061224489796,0
90,235.1836734693877,137.22448979591834,159.2448979591837,183.63265306122452,70.38775510204081,195.48979591836732,0
91,235.57142857142856,122.12244897959185,166.9795918367347,190.59183673469386,72.75510204081633,200.9591836734694,0
92,199.8367346938776,90.44897959183672,168.71428571428572,186.51020408163262,85.85714285714286,199.9795918367347,0
93,202.57142857142856,93.6938775510204,168.2448979591837,186.42857142857144,84.93877551020408,199.12244897959184,0
94,226.7142857142857,126.12244897959185,161.57142857142858,184.14285714285717,74.89795918367345,194.44897959183675,0
95,240.0204081632653,153.9387755102041,152.81632653061226,178.3877551020408,68.04081632653062,188.16326530612244,0
96,229.81632653061226,110.20408163265307,170.69387755102042,192.75510204081638,77.22448979591837,200.6122448979592,0
97,250.9387755102041,143.42857142857142,162.46938775510202,188.44897959183675,68.3061224489796,193.79591836734693,0
98,237.55102040816325,130.71428571428572,163.53061224489798,187.57142857142856,71.95918367346937,196.3877551020408,0
99,220.1836734693877,116.75510204081631,163.55102040816325,185.2244897959184,76.3061224489796,199.0,0
100,164.28571428571428,74.34693877551021,162.77551020408163,176.0204081632653,93.87755102040815,198.10204081632654,0
101,202.59183673469386,89.85714285714286,170.12244897959184,188.16326530612244,85.53061224489795,200.9387755102041,0
102,229.59183673469386,110.89795918367346,170.30612244897958,192.36734693877548,76.87755102040815,200.9387755102041,0
103,190.53061224489795,82.0204081632653,169.10204081632654,185.65306122448982,88.59183673469387,201.75510204081638,0
104,246.46938775510205,127.59183673469387,168.42857142857142,193.3877551020408,71.42857142857143,198.7755102040816,0
105,250.8367346938776,163.3673469387755,152.53061224489798,179.7551020408163,63.85714285714285,189.3877551020408,0
106,250.75510204081638,164.73469387755105,151.7551020408163,179.0612244897959,63.673469387755105,188.7755102040816,0
107,248.2448979591837,154.51020408163262,155.83673469387756,182.36734693877548,65.79591836734693,191.63265306122452,0
108,248.2448979591837,154.51020408163262,155.83673469387756,182.36734693877548,65.79591836734693,191.63265306122452,0
109,245.3265306122449,154.0204081632653,154.91836734693874,181.10204081632654,66.63265306122449,190.44897959183675,0
